content_type,category,title,scaffolded,thumbnail,scripted,content,video,release_date
blog,Personal,The Architecture of Extraction,Complete,TODO,TODO,TODO,TODO,
blog,Personal,Benefits of Cash,Complete,TODO,TODO,TODO,TODO,
blog,Personal,What movies have I watched in 2026?,NA,NA,NA,NA,NA,NA
blog,Personal,DJ Samurai,Complete,TODO,TODO,TODO,TODO,
blog,Personal,I Hate Malls,Complete,TODO,TODO,TODO,TODO,
blog,Personal,The Removal of Leisure,Complete,TODO,TODO,TODO,TODO,
blog,Personal,Consuming a low Information Diet,Complete,TODO,TODO,TODO,TODO,
blog,Personal,Motivation vs Discipline,Complete,TODO,TODO,TODO,TODO,
blog,Personal,The Pursuit of Multiple Skills,Complete,TODO,TODO,TODO,TODO,
blog,Personal,Thoughts on AI,Complete,TODO,TODO,TODO,TODO,
blog,Personal,Travel Journal: England,Complete,TODO,In-Progress,TODO,TODO,
blog,Personal,Travel Journal: Spain,Complete,TODO,NA,TODO,TODO,
blog,Personal,Travel Journal: France,Complete,TODO,TODO,TODO,TODO,
blog,Personal,Travel Journal: Italy,Complete,TODO,TODO,TODO,TODO,
blog,Personal,Travel Journal: Croatia,Complete,TODO,TODO,TODO,TODO,
blog,Personal,Travel Journal: Greece,Complete,TODO,TODO,TODO,TODO,
blog,Personal,Travel Journal: Scotland,Complete,TODO,TODO,TODO,TODO,
blog,Personal,Travel Journal: Hungary,Complete,TODO,TODO,TODO,TODO,
blog,Personal,Travel Journal: Austria,Complete,TODO,TODO,TODO,TODO,
blog,Personal,Travel Journal: Czechia,Complete,TODO,TODO,TODO,TODO,
blog,Personal,Travel Journal: Germany,Complete,TODO,TODO,TODO,TODO,
blog,Personal,Travel Journal: Luxembourg,Complete,TODO,TODO,TODO,TODO,
blog,Personal,Travel Journal: Netherlands,Complete,TODO,TODO,TODO,TODO,
blog,Personal,Travel Journal: Belgium,Complete,TODO,TODO,TODO,TODO,
blog,Personal,Elite Overproduction,Complete,TODO,TODO,TODO,TODO,
blog,Personal,Film and Capitalist Realism,Complete,TODO,TODO,TODO,TODO,
blog,Personal,Imagining a Better World,Complete,TODO,TODO,TODO,TODO,
blog,Personal,It's just Grass,Complete,TODO,TODO,TODO,TODO,
blog,Personal,Over-reliance on Government,Complete,TODO,TODO,TODO,TODO,
blog,Personal,Surveillance,Complete,TODO,TODO,TODO,TODO,
blog,Personal,Third Places,Complete,TODO,TODO,TODO,TODO,
blog,Personal,Why don't we build cool stuff anymore?,Complete,TODO,TODO,TODO,TODO,
blog,Technical,Blazing fast SQL,Complete,TODO,TODO,TODO,TODO,
blog,Technical,Confronting my fear of LeetCode,Complete,TODO,TODO,TODO,TODO,
blog,Technical,Creating a CV with Python,Complete,Complete,TODO,TODO,TODO,October
blog,Technical,Creating your own VPN,Complete,TODO,TODO,TODO,TODO,
blog,Technical,Designing a portfolio,Complete,TODO,TODO,TODO,TODO,
blog,Technical,How Python works under the Hood,Complete,TODO,TODO,TODO,TODO,
blog,Technical,Interpreted vs Compiled Languages,Complete,TODO,TODO,TODO,TODO,
blog,Technical,My Note taking Approach,Complete,TODO,TODO,TODO,TODO,
blog,Technical,Over Reliance on Government,Complete,TODO,TODO,TODO,TODO,
blog,Technical,Pimp your Terminal,Complete,TODO,TODO,TODO,TODO,
blog,Technical,Pride Versioning,Complete,TODO,TODO,TODO,TODO,
blog,Technical,Programming Paradigms,Complete,TODO,TODO,TODO,TODO,
blog,Technical,Python Use-Cases,Complete,TODO,TODO,TODO,TODO,
blog,Technical,SQL under the hood,Complete,TODO,TODO,TODO,TODO,
blog,Technical,SQL vs NoSQL,Complete,TODO,TODO,TODO,TODO,
blog,Technical,The Terminal vs GUI,Complete,TODO,TODO,TODO,TODO,
blog,Technical,What is Open Source,Complete,TODO,TODO,TODO,TODO,
blog,Technical,What problem does Spark solve?,Complete,TODO,TODO,TODO,TODO,
blog,Technical,When one Computer isn't enough,Complete,TODO,TODO,TODO,TODO,
blog,Technical,Why Data Pipelines Need Idempotency,Complete,TODO,TODO,TODO,TODO,
blog,Technical,Why do Databases exist?,Complete,TODO,TODO,TODO,TODO,
blog,Technical,Converting a Python file to an Executable,Complete,TODO,TODO,TODO,Complete,
blog,Technical,Data Lakes vs Data Lakehouses vs Data Warehouses,Complete,Complete,TODO,TODO,TODO,September
course,Linux,Introduction,Complete,Complete,Complete,TODO,Complete,
course,Linux,alias,Complete,Complete,TODO,TODO,TODO,
course,Linux,bg,Complete,Complete,TODO,TODO,TODO,
course,Linux,cat,Complete,Complete,Complete,TODO,Complete,
course,Linux,cd,Complete,Complete,Complete,TODO,Complete,
course,Linux,chmod,Complete,Complete,TODO,TODO,TODO,
course,Linux,chown,Complete,Complete,TODO,TODO,TODO,
course,Linux,clear,Complete,Complete,TODO,TODO,TODO,
course,Linux,cp,Complete,Complete,TODO,TODO,TODO,
course,Linux,cron,Complete,Complete,TODO,TODO,TODO,
course,Linux,df,Complete,Complete,TODO,TODO,TODO,
course,Linux,diff,Complete,Complete,TODO,TODO,TODO,
course,Linux,du,Complete,Complete,TODO,TODO,TODO,
course,Linux,echo,Complete,Complete,TODO,TODO,TODO,
course,Linux,environment variables,Complete,Complete,TODO,TODO,TODO,
course,Linux,fg,Complete,Complete,TODO,TODO,TODO,
course,Linux,file permissions,Complete,Complete,Complete,TODO,Complete,
course,Linux,find,Complete,Complete,TODO,TODO,TODO,
course,Linux,grep,Complete,Complete,TODO,TODO,TODO,
course,Linux,gzip,Complete,Complete,TODO,TODO,TODO,
course,Linux,history,Complete,Complete,TODO,TODO,TODO,
course,Linux,jobs,Complete,Complete,TODO,TODO,TODO,
course,Linux,kill,Complete,Complete,TODO,TODO,TODO,
course,Linux,less,Complete,Complete,TODO,TODO,TODO,
course,Linux,ls,Complete,Complete,Complete,TODO,Complete,
course,Linux,man,Complete,Complete,Complete,TODO,Complete,
course,Linux,mkdir,Complete,Complete,TODO,TODO,TODO,
course,Linux,mv,Complete,Complete,TODO,TODO,TODO,
course,Linux,package managers,Complete,Complete,TODO,TODO,TODO,
course,Linux,ping,Complete,Complete,TODO,TODO,TODO,
course,Linux,pipes and redirection,Complete,Complete,TODO,TODO,TODO,
course,Linux,processes,Complete,Complete,TODO,TODO,TODO,
course,Linux,ps,Complete,Complete,TODO,TODO,TODO,
course,Linux,pwd,Complete,Complete,TODO,TODO,TODO,
course,Linux,rm,Complete,Complete,TODO,TODO,TODO,
course,Linux,shell scripting,Complete,Complete,TODO,TODO,TODO,
course,Linux,sort,Complete,Complete,TODO,TODO,TODO,
course,Linux,ssh,Complete,Complete,TODO,TODO,TODO,
course,Linux,su,Complete,Complete,TODO,TODO,TODO,
course,Linux,sudo,Complete,Complete,TODO,TODO,TODO,
course,Linux,tail,Complete,Complete,TODO,TODO,TODO,
course,Linux,tar,Complete,Complete,TODO,TODO,TODO,
course,Linux,top,Complete,Complete,TODO,TODO,TODO,
course,Linux,touch,Complete,Complete,TODO,TODO,TODO,
course,Linux,uname,Complete,Complete,TODO,TODO,TODO,
course,Linux,users and groups,Complete,Complete,TODO,TODO,TODO,
course,Linux,vim,Complete,Complete,Complete,TODO,TODO,
course,Linux,wc,Complete,Complete,TODO,TODO,TODO,
course,Linux,which,Complete,Complete,TODO,TODO,TODO,
course,Linux,whoami,Complete,Complete,TODO,TODO,TODO,
course,Python,Introduction,Complete,Complete,Complete,TODO,Complete,
course,Python,boolean values,Complete,Complete,Complete,TODO,Complete,
course,Python,classes,Complete,Complete,TODO,TODO,TODO,
course,Python,code reviews,Complete,Complete,TODO,TODO,TODO,
course,Python,control flow,Complete,Complete,Complete,TODO,Complete,
course,Python,data types,Complete,Complete,Complete,TODO,Complete,
course,Python,decorators,Complete,Complete,TODO,TODO,TODO,
course,Python,enums,Complete,Complete,TODO,TODO,TODO,
course,Python,functions,Complete,Complete,Complete,TODO,Complete,
course,Python,inheritance,Complete,Complete,TODO,TODO,TODO,
course,Python,intro to Python,Complete,Complete,Complete,TODO,TODO,
course,Python,iterators,Complete,Complete,TODO,TODO,TODO,
course,Python,lambda,Complete,Complete,TODO,TODO,TODO,
course,Python,logging,Complete,Complete,TODO,TODO,TODO,
course,Python,loops,Complete,Complete,Complete,TODO,Complete,
course,Python,object orientated programming,Complete,Complete,TODO,TODO,TODO,
course,Python,operators,Complete,Complete,Complete,TODO,Complete,
course,Python,polymorphism,Complete,Complete,TODO,TODO,TODO,
course,Python,project structure,Complete,Complete,TODO,TODO,TODO,
course,Python,recursion,Complete,Complete,TODO,TODO,TODO,
course,Python,regex (regular expressions),Complete,Complete,TODO,TODO,TODO,
course,Python,scope,Complete,Complete,TODO,TODO,TODO,
course,Python,strings,Complete,Complete,Complete,TODO,Complete,
course,Python,ternary operator,Complete,Complete,TODO,TODO,TODO,
course,Python,type annotations,Complete,Complete,TODO,TODO,TODO,
course,Python,unit testing,Complete,Complete,TODO,TODO,TODO,
course,Python,variables,Complete,Complete,Complete,TODO,Complete,
course,Python,virtual environments,Complete,Complete,Complete,TODO,Complete,
course,SQL,Introduction,Complete,Complete,Complete,TODO,Complete,
course,SQL,case statements,Complete,Complete,TODO,TODO,TODO,
course,SQL,common table expressions (CTEs),Complete,Complete,TODO,TODO,TODO,
course,SQL,"group by, order by",Complete,Complete,TODO,TODO,TODO,
course,SQL,having vs where,Complete,Complete,TODO,TODO,TODO,
course,SQL,intro to SQL,Complete,Complete,TODO,TODO,TODO,
course,SQL,joins,Complete,Complete,TODO,TODO,TODO,
course,SQL,limit vs aliasing,Complete,Complete,TODO,TODO,TODO,
course,SQL,"select, from, where",Complete,Complete,TODO,TODO,TODO,
course,SQL,stored procedures,Complete,Complete,TODO,TODO,TODO,
course,SQL,string functions,Complete,Complete,TODO,TODO,TODO,
course,SQL,subqueries,Complete,Complete,TODO,TODO,TODO,
course,SQL,temporary tables,Complete,Complete,TODO,TODO,TODO,
course,SQL,triggers and events,Complete,Complete,TODO,TODO,TODO,
course,SQL,unions,Complete,Complete,TODO,TODO,TODO,
course,SQL,window functions,Complete,Complete,TODO,TODO,TODO,
recipe,Dinner,Roast Chicken with buns and coleslaw,TODO,TODO,TODO,TODO,TODO,
recipe,Dinner,Lasagne Soup,TODO,TODO,TODO,TODO,TODO,
recipe,Dinner,Carbonara,TODO,TODO,TODO,TODO,TODO,
recipe,Dinner,Slow Cooked Ribs,TODO,TODO,TODO,TODO,TODO,
recipe,Dinner,Thai Spicy Drunken Noodles,TODO,TODO,TODO,TODO,TODO,
recipe,Dinner,Lemon Chicken Stir Fry,TODO,TODO,TODO,TODO,TODO,
recipe,Dinner,Chicken Stroganoff,TODO,TODO,TODO,TODO,TODO,
recipe,Dinner,Chicken Parmesan,TODO,TODO,TODO,TODO,TODO,
recipe,Dinner,Tacos,TODO,TODO,TODO,TODO,TODO,
recipe,Dinner,Burgers,TODO,TODO,TODO,TODO,TODO,
recipe,Dinner,Thai Steak Salad,TODO,TODO,TODO,TODO,TODO,
recipe,Dinner,Enchiladas,TODO,TODO,TODO,TODO,TODO,
recipe,Dinner,Gochujang Chicken,TODO,TODO,TODO,TODO,TODO,
recipe,Dinner,Spaghetti Bolognese,TODO,TODO,TODO,TODO,TODO,
recipe,Dinner,Vietnamese Slow Cooked + Caramelised Beef,TODO,TODO,TODO,TODO,TODO,
recipe,Dinner,Carnitas,TODO,TODO,TODO,TODO,TODO,
recipe,Breakfast,Shakshouka,TODO,TODO,TODO,TODO,TODO,
recipe,Dinner,Katsu Curry,TODO,TODO,TODO,TODO,TODO,
recipe,Dinner,Birria Beef Tacos,TODO,TODO,TODO,TODO,TODO,
recipe,Dinner,Pizza,TODO,TODO,TODO,TODO,TODO,
recipe,Dinner,Dumpling Noodle Soup,TODO,TODO,TODO,TODO,TODO,
recipe,Dinner,Crumbed Chicken Wraps,TODO,TODO,TODO,TODO,TODO,
recipe,Dinner,Chicken Kumara Chowder,TODO,TODO,TODO,TODO,TODO,
recipe,Dinner,Vietnamese Vermicelli,TODO,TODO,TODO,TODO,TODO,
recipe,Dinner,Hainanese Chicken with Rice & Bok Choi,TODO,TODO,TODO,TODO,TODO,
recipe,Dinner,Chicken Gyros,TODO,TODO,TODO,TODO,TODO,
recipe,Dinner,Mince Pie with Salad and Fries,TODO,TODO,TODO,TODO,TODO,
recipe,Dinner,Pulled Pork Burritos,TODO,TODO,TODO,TODO,TODO,
recipe,Dinner,Chicken Orzo,TODO,TODO,TODO,TODO,TODO,
